date,price
1/4/2010,109.8
1/5/2010,109.7
1/6/2010,111.51
1/7/2010,110.82
1/8/2010,111.37
1/11/2010,112.85
1/12/2010,110.49
1/13/2010,111.54
1/14/2010,112.03
1/15/2010,110.86
1/19/2010,111.52
1/20/2010,108.94
1/21/2010,107.37
1/22/2010,107.17
1/25/2010,107.48
1/26/2010,107.56
1/27/2010,106.528
1/28/2010,106.48
1/29/2010,105.96
2/1/2010,108.35
2/2/2010,109.13
2/3/2010,108.7
2/4/2010,104.37
2/5/2010,104.68
2/8/2010,104.04
2/9/2010,105.41
2/10/2010,105.12
2/11/2010,107.13
2/12/2010,107.04
2/16/2010,109.62
2/17/2010,109.25
2/18/2010,109.98
2/19/2010,109.47
2/22/2010,109.07
2/23/2010,107.89
2/24/2010,107.36
2/25/2010,108.31
2/26/2010,109.43
3/1/2010,109.43
3/2/2010,111.02
3/3/2010,111.63
3/4/2010,110.83
3/5/2010,110.81
3/8/2010,109.88
3/9/2010,109.718
3/10/2010,108.47
3/11/2010,108.6
3/12/2010,107.95
3/15/2010,108.36
3/16/2010,110.4
3/17/2010,109.59
3/18/2010,110.34
3/19/2010,108.28
3/22/2010,107.75
3/23/2010,108.32
3/24/2010,106.3
3/25/2010,106.78
3/26/2010,108.59
3/29/2010,108.75
3/30/2010,107.97
3/31/2010,108.95
4/1/2010,110.26
4/5/2010,110.89
4/6/2010,111.03
4/7/2010,112.49
4/8/2010,112.65
4/9/2010,113.64
4/12/2010,113.01
4/13/2010,112.69
4/14/2010,113.03
4/15/2010,113.65
4/16/2010,111.24
4/19/2010,111.15
4/20/2010,111.46
4/21/2010,112.31
4/22/2010,111.84
4/23/2010,113.19
4/26/2010,112.75
4/27/2010,114.63
4/28/2010,114.31
4/29/2010,114.28
4/30/2010,115.36
5/3/2010,115.73
5/4/2010,114.87
5/5/2010,115.09
5/6/2010,118.486
5/7/2010,118.27
5/10/2010,117.57
5/11/2010,120.656
5/12/2010,121.4
5/13/2010,120.56
5/14/2010,120.37
5/17/2010,119.36
5/18/2010,119.49
5/19/2010,116.63
5/20/2010,115.84
5/21/2010,115.22
5/24/2010,116.84
5/25/2010,117.36
5/26/2010,118.47
5/27/2010,118.69
5/28/2010,118.881
6/1/2010,119.91
6/2/2010,119.78
6/3/2010,117.96
6/4/2010,119.19
6/7/2010,121.49
6/8/2010,121.0025
6/9/2010,120.56
6/10/2010,118.975
6/11/2010,120.01
6/14/2010,119.6
6/15/2010,120.99
6/16/2010,120.33
6/17/2010,121.9
6/18/2010,122.83
6/21/2010,120.39
6/22/2010,121.45
6/23/2010,120.95
6/24/2010,121.3
6/25/2010,122.76
6/28/2010,121.09
6/29/2010,121.27
6/30/2010,121.68
7/1/2010,117.04
7/2/2010,118.49
7/6/2010,116.51
7/7/2010,117.73
7/8/2010,117.21
7/9/2010,118.36
7/12/2010,117.34
7/13/2010,118.36
7/14/2010,118.3
7/15/2010,118.23
7/16/2010,116.67
7/19/2010,115.73
7/20/2010,116.65
7/21/2010,115.85
7/22/2010,116.863
7/23/2010,116.09
7/26/2010,115.52
7/27/2010,113.51
7/28/2010,113.78
7/29/2010,114.288
7/30/2010,115.49
8/2/2010,115.54
8/3/2010,115.99
8/4/2010,116.72
8/5/2010,116.98
8/6/2010,117.84
8/9/2010,117.4
8/10/2010,117.73
8/11/2010,117.34
8/12/2010,118.77
8/13/2010,118.74
8/16/2010,119.73
8/17/2010,119.75
8/18/2010,120.22
8/19/2010,120.39
8/20/2010,119.97
8/23/2010,119.78
8/24/2010,120.36
8/25/2010,121.36
8/26/2010,120.96
8/27/2010,121.01
8/30/2010,120.91
8/31/2010,122.08
9/1/2010,121.69
9/2/2010,122.29
9/3/2010,121.86
9/7/2010,122.7
9/8/2010,122.71
9/9/2010,121.56
9/10/2010,121.73
9/13/2010,121.62
9/14/2010,124.024
9/15/2010,123.94
9/16/2010,124.63
9/17/2010,124.5425
9/20/2010,124.87
9/21/2010,126.01
9/22/2010,126.2
9/23/2010,126.3
9/24/2010,126.69
9/27/2010,126.72
9/28/2010,127.85
9/29/2010,127.95
9/30/2010,127.91
10/1/2010,128.91
10/4/2010,128.46
10/5/2010,130.99
10/6/2010,131.81
10/7/2010,130.37
10/8/2010,131.66
10/11/2010,132.292
10/12/2010,131.96
10/13/2010,134.07
10/14/2010,134.75
10/15/2010,133.68
10/18/2010,134.28
10/19/2010,130.11
10/20/2010,131.32
10/21/2010,129.47
10/22/2010,129.73
10/25/2010,130.85
10/26/2010,130.88
10/27/2010,129.52
10/28/2010,131.24
10/29/2010,132.62
11/1/2010,131.92
11/2/2010,132.49
11/3/2010,131.57
11/4/2010,136.03
11/5/2010,136.38
11/8/2010,137.78
11/9/2010,135.59
11/10/2010,137.24
11/11/2010,137.66
11/12/2010,133.69
11/15/2010,132.42
11/16/2010,130.968
11/17/2010,130.38
11/18/2010,132.088
11/19/2010,132.2
11/22/2010,133.48
11/23/2010,134.41
11/24/2010,134.18
11/26/2010,133.11
11/29/2010,133.508
11/30/2010,135.42
12/1/2010,135.38
12/2/2010,135.2
12/3/2010,138.07
12/6/2010,139.11
12/7/2010,136.5
12/8/2010,134.79
12/9/2010,135.37
12/10/2010,135.408
12/13/2010,136.05
12/14/2010,136.18
12/15/2010,134.7
12/16/2010,133.81
12/17/2010,134.2
12/20/2010,135.11
12/21/2010,135.32
12/22/2010,135.05
12/23/2010,134.66
12/27/2010,135.02
12/28/2010,137.22
12/29/2010,137.71
12/30/2010,137.03
12/31/2010,138.72
1/3/2011,138
1/4/2011,134.75
1/5/2011,134.37
1/6/2011,133.83
1/7/2011,133.58
1/10/2011,134.12
1/11/2011,134.91
1/12/2011,135.46
1/13/2011,134.05
1/14/2011,132.69
1/18/2011,133.43
1/19/2011,133.72
1/20/2011,131.2
1/21/2011,131.03
1/24/2011,130.36
1/25/2011,130.1
1/26/2011,131.16
1/27/2011,127.925
1/28/2011,130.28
1/31/2011,129.87
2/1/2011,130.8
2/2/2011,130.45
2/3/2011,132.2
2/4/2011,131.66
2/7/2011,131.68
2/8/2011,133.14
2/9/2011,133.07
2/10/2011,132.85
2/11/2011,132.3225
2/14/2011,132.95
2/15/2011,133.97
2/16/2011,134.1
2/17/2011,135.04
2/18/2011,135.41
2/22/2011,136.29
2/23/2011,137.51
2/24/2011,136.48
2/25/2011,137.384
2/28/2011,137.661
3/1/2011,140.03
3/2/2011,139.917
3/3/2011,138.09
3/4/2011,139.35
3/7/2011,139.721
3/8/2011,139.36
3/9/2011,139.41
3/10/2011,137.77
3/11/2011,138.22
3/14/2011,138.86
3/15/2011,136.27
3/16/2011,136.24
3/17/2011,136.97
3/18/2011,138.37
3/21/2011,139.14
3/22/2011,139.05
3/23/2011,140.34
3/24/2011,139.22
3/25/2011,139.26
3/28/2011,138.54
3/29/2011,138.21
3/30/2011,138.67
3/31/2011,139.86
4/1/2011,139.2
4/4/2011,139.84
4/5/2011,142.05
4/6/2011,142.38
4/7/2011,142.51
4/8/2011,143.66
4/11/2011,142.64
4/12/2011,141.61
4/13/2011,141.9
4/14/2011,143.81
4/15/2011,145.05
4/18/2011,145.93
4/19/2011,145.93
4/20/2011,146.5
4/21/2011,146.74
4/25/2011,146.87
4/26/2011,146.38
4/27/2011,149.2
4/28/2011,149.82
4/29/2011,152.37
5/2/2011,150.414
5/3/2011,149.88
5/4/2011,147.73
5/5/2011,143.47
5/6/2011,145.3
5/9/2011,147.38
5/10/2011,147.9
5/11/2011,146.54
5/12/2011,146.59
5/13/2011,145.63
5/16/2011,145.37
5/17/2011,144.74
5/18/2011,145.6
5/19/2011,145.65
5/20/2011,147.49
5/23/2011,147.83
5/24/2011,148.59
5/25/2011,148.58
5/26/2011,148.22
5/27/2011,149.7
5/31/2011,149.64
6/1/2011,149.91
6/2/2011,149.5
6/3/2011,150.22
6/6/2011,150.48
6/7/2011,150.42
6/8/2011,149.81
6/9/2011,150.56
6/10/2011,149.24
6/13/2011,147.77
6/14/2011,148.67
6/15/2011,149.12
6/16/2011,148.97
6/17/2011,149.94
6/20/2011,150.03
6/21/2011,150.76
6/22/2011,150.99
6/23/2011,148.339
6/24/2011,146.26
6/27/2011,145.73
6/28/2011,146.24
6/29/2011,147.18
6/30/2011,146.001
7/1/2011,144.93
7/5/2011,147.63
7/6/2011,148.91
7/7/2011,149.15
7/8/2011,150.25
7/11/2011,151.59
7/12/2011,152.77
7/13/2011,154.14
7/14/2011,154.54
7/15/2011,155.2
7/18/2011,156.57
7/19/2011,154.66
7/20/2011,156.02
7/21/2011,154.83
7/22/2011,156.12
7/25/2011,157.34
7/26/2011,157.77
7/27/2011,157.19
7/28/2011,157.32
7/29/2011,158.29
8/1/2011,157.72
8/2/2011,161.52
8/3/2011,161.49
8/4/2011,160.64
8/5/2011,161.75
8/8/2011,167.119
8/9/2011,168.61
8/10/2011,174.58
8/11/2011,170.75
8/12/2011,169.97
8/15/2011,171.8
8/16/2011,173.92
8/17/2011,174.42
8/18/2011,177.72
8/19/2011,179.95
8/22/2011,184.59
8/23/2011,177.67
8/24/2011,171.646
8/25/2011,172.36
8/26/2011,177.47
8/29/2011,173.89
8/30/2011,179.1
8/31/2011,177.72
9/1/2011,177.87
9/2/2011,183.238
9/6/2011,182.9
9/7/2011,177.08
9/8/2011,181.81
9/9/2011,180.7
9/12/2011,176.67
9/13/2011,178.54
9/14/2011,177.21
9/15/2011,174.4
9/16/2011,176.03
9/19/2011,173.31
9/20/2011,175.78
9/21/2011,173.59
9/22/2011,169.05
9/23/2011,159.8
9/26/2011,157.58
9/27/2011,160.63
9/28/2011,156.22
9/29/2011,157.7
9/30/2011,158.06
10/3/2011,160.96
10/4/2011,157.644
10/5/2011,159.46
10/6/2011,160.49
10/7/2011,159.18
10/10/2011,163.266
10/11/2011,162.1
10/12/2011,163.26
10/13/2011,162.3
10/14/2011,163.4
10/17/2011,162.62
10/18/2011,161.84
10/19/2011,159.87
10/20/2011,157.77
10/21/2011,159.52
10/24/2011,161.02
10/25/2011,165.59
10/26/2011,167.4
10/27/2011,169.55
10/28/2011,169.62
10/31/2011,167.34
11/1/2011,167.38
11/2/2011,169.06
11/3/2011,171.72
11/4/2011,170.85
11/7/2011,174.98
11/8/2011,173.53
11/9/2011,172.07
11/10/2011,171.14
11/11/2011,173.96
11/14/2011,173.2
11/15/2011,173.36
11/16/2011,171.51
11/17/2011,167.1
11/18/2011,167.62
11/21/2011,163.5
11/22/2011,165.31
11/23/2011,164.83
11/25/2011,163.4
11/28/2011,166.63
11/29/2011,166.88
11/30/2011,170.13
12/1/2011,169.63
12/2/2011,169.82
12/5/2011,167.32
12/6/2011,168.18
12/7/2011,169.4
12/8/2011,165.976
12/9/2011,166.4
12/12/2011,161.99
12/13/2011,158.45
12/14/2011,152.89
12/15/2011,152.33
12/16/2011,155.23
12/19/2011,154.87
12/20/2011,156.98
12/21/2011,157.16
12/22/2011,156.04
12/23/2011,156.31
12/27/2011,154.91
12/28/2011,151.03
12/29/2011,150.34
12/30/2011,151.99
1/3/2012,155.92
1/4/2012,156.71
1/5/2012,157.78
1/6/2012,157.2
1/9/2012,156.5
1/10/2012,158.64
1/11/2012,159.67
1/12/2012,160.38
1/13/2012,159.26
1/17/2012,160.5
1/18/2012,161.6
1/19/2012,161.22
1/20/2012,162.07
1/23/2012,163.16
1/24/2012,162.01
1/25/2012,166.42
1/26/2012,167.27
1/27/2012,168.97
1/30/2012,168.03
1/31/2012,169.31
2/1/2012,169.56
2/2/2012,171.05
2/3/2012,167.64
2/6/2012,167.18
2/7/2012,169.7
2/8/2012,168.5
2/9/2012,168.02
2/10/2012,167.14
2/13/2012,167.51
2/14/2012,167.12
2/15/2012,168.108
2/16/2012,168
2/17/2012,167.35
2/21/2012,171.02
2/22/2012,172.94
2/23/2012,173.02
2/24/2012,172.231
2/27/2012,171.7
2/28/2012,173.49
2/29/2012,164.286
3/1/2012,166.61
3/2/2012,166.34
3/5/2012,165.65
3/6/2012,162.7
3/7/2012,163.63
3/8/2012,165.28
3/9/2012,166.3799
3/12/2012,165.07
3/13/2012,162.3
3/14/2012,159.57
3/15/2012,161.08
3/16/2012,161.3
3/19/2012,161.59
3/20/2012,160.13
3/21/2012,160.21
3/22/2012,159.57
3/23/2012,161.5329
3/26/2012,164.4
3/27/2012,163.24
3/28/2012,161.51
3/29/2012,161.28
3/30/2012,162.12
4/2/2012,162.94
4/3/2012,159.89
4/4/2012,157.21
4/5/2012,158.31
4/9/2012,159.37
4/10/2012,161.1
4/11/2012,161.065
4/12/2012,162.7
4/13/2012,160.85
4/16/2012,160.46
4/17/2012,160.27
4/18/2012,159.31
4/19/2012,159.43
4/20/2012,159.54
4/23/2012,159.07
4/24/2012,159.3
4/25/2012,159.62
4/26/2012,161.03
4/27/2012,161.38
4/30/2012,161.88
5/1/2012,161.32
5/2/2012,160.59
5/3/2012,158.97
5/4/2012,159.47
5/7/2012,159.08
5/8/2012,156
5/9/2012,154.47
5/10/2012,154.77
5/11/2012,153.56
5/14/2012,151.33
5/15/2012,149.74
5/16/2012,149.46
5/17/2012,152.8
5/18/2012,154.55
5/21/2012,154.65
5/22/2012,152.08
5/23/2012,151.62
5/24/2012,151.41
5/25/2012,152.68
5/29/2012,151.02
5/30/2012,151.91
5/31/2012,151.62
6/1/2012,157.5
6/4/2012,157.32
6/5/2012,157.14
6/6/2012,157.21
6/7/2012,154.5
6/8/2012,154.73
6/11/2012,155.36
6/12/2012,156.4594
6/13/2012,157.12
6/14/2012,157.75
6/15/2012,157.84
6/18/2012,157.93
6/19/2012,157.16
6/20/2012,155.97
6/21/2012,152.015
6/22/2012,152.64
6/25/2012,153.76
6/26/2012,152.62
6/27/2012,152.83
6/28/2012,151.05
6/29/2012,155.19
7/2/2012,155.09
7/3/2012,157.46
7/5/2012,155.68
7/6/2012,153.71
7/9/2012,154.04
7/10/2012,152.15
7/11/2012,152.99
7/12/2012,152.59
7/13/2012,154.14
7/16/2012,154.21
7/17/2012,153.47
7/18/2012,153.05
7/19/2012,153.38
7/20/2012,153.67
7/23/2012,153.03
7/24/2012,153.52
7/25/2012,155.67
7/26/2012,156.77
7/27/2012,157.54
7/30/2012,157.43
7/31/2012,156.49
8/1/2012,155.14
8/2/2012,154.13
8/3/2012,155.55
8/6/2012,156.3
8/7/2012,156.28
8/8/2012,156.48
8/9/2012,156.99
8/10/2012,157.18
8/13/2012,155.99
8/14/2012,155.13
8/15/2012,155.63
8/16/2012,156.56
8/17/2012,156.72
8/20/2012,157.26
8/21/2012,158.83
8/22/2012,160.54
8/23/2012,161.89
8/24/2012,161.97
8/27/2012,161.36
8/28/2012,161.64
8/29/2012,160.59
8/30/2012,160.52
8/31/2012,164.22
9/4/2012,164.48
9/5/2012,164.31
9/6/2012,164.89
9/7/2012,168.44
9/10/2012,167.29
9/11/2012,167.9
9/12/2012,167.92
9/13/2012,171.31
9/14/2012,171.8
9/17/2012,170.4
9/18/2012,171.72
9/19/2012,171.74
9/20/2012,171.47
9/21/2012,171.96
9/24/2012,171.05
9/25/2012,170.77
9/26/2012,169.81
9/27/2012,172.34
9/28/2012,171.89
10/1/2012,172.295
10/2/2012,172.1
10/3/2012,172.41
10/4/2012,173.61
10/5/2012,172.62
10/8/2012,172.05
10/9/2012,170.99
10/10/2012,170.84
10/11/2012,171.32
10/12/2012,170.06
10/15/2012,168.35
10/16/2012,169.42
10/17/2012,169.54
10/18/2012,168.7891
10/19/2012,166.97
10/22/2012,167.58
10/23/2012,165.4258
10/24/2012,164.8603
10/25/2012,166.02
10/26/2012,165.93
10/31/2012,166.83
11/1/2012,166.07
11/2/2012,162.6
11/5/2012,163.23
11/6/2012,166.3
11/7/2012,166.49
11/8/2012,167.99
11/9/2012,167.82
11/12/2012,167.45
11/13/2012,167.1
11/14/2012,167.14
11/15/2012,166.09
11/16/2012,165.88
11/19/2012,167.87
11/20/2012,167.39
11/21/2012,167.56
11/23/2012,169.61
11/26/2012,169.43
11/27/2012,168.71
11/28/2012,166.55
11/29/2012,167.1817
11/30/2012,166.05
12/3/2012,166.1267
12/4/2012,164.42
12/5/2012,164.12
12/6/2012,164.5
12/7/2012,165.165
12/10/2012,165.8
12/11/2012,165.65
12/12/2012,165.77
12/13/2012,164.37
12/14/2012,164.13
12/17/2012,164.44
12/18/2012,162.08
12/19/2012,161.69
12/20/2012,159.73
12/21/2012,160.33
12/24/2012,160.62
12/26/2012,160.78
12/27/2012,161.16
12/28/2012,160.54
12/31/2012,162.0204
1/2/2013,163.17
1/3/2013,161.2
1/4/2013,160.44
1/7/2013,159.43
1/8/2013,160.56
1/9/2013,160.49
1/10/2013,161.98
1/11/2013,161.06
1/14/2013,161.54
1/15/2013,162.558
1/16/2013,162.65
1/17/2013,163.35
1/18/2013,163.09
1/22/2013,163.67
1/23/2013,163.21
1/24/2013,161.42
1/25/2013,160.65
1/28/2013,160.29
1/29/2013,160.99
1/30/2013,162.19
1/31/2013,161.2
2/1/2013,161.45
2/4/2013,162
2/5/2013,161.96
2/6/2013,162.39
2/7/2013,161.84
2/8/2013,161.57
2/11/2013,159.7
2/12/2013,159.89
2/13/2013,159.05
2/14/2013,158.348
2/15/2013,155.76
2/19/2013,155.33
2/20/2013,151.44
2/21/2013,152.62
2/22/2013,152.97
2/25/2013,154.34
2/26/2013,156.22
2/27/2013,154.57
2/28/2013,153
3/1/2013,152.44
3/4/2013,152.3
3/5/2013,152.38
3/6/2013,153.23
3/7/2013,152.69
3/8/2013,152.71
3/11/2013,152.99
3/12/2013,154.19
3/13/2013,153.66
3/14/2013,153.68
3/15/2013,154.001
3/18/2013,155.38
3/19/2013,156.08
3/20/2013,155.37
3/21/2013,156.246
3/22/2013,155.55
3/25/2013,155.24
3/26/2013,154.72
3/27/2013,155.36
3/28/2013,154.47
4/1/2013,154.67
4/2/2013,152.43
4/3/2013,150.73
4/4/2013,150.29
4/5/2013,152.81
4/8/2013,152.16
4/9/2013,153.34
4/10/2013,150.75
4/11/2013,151.05
4/12/2013,143.95
4/15/2013,131.31
4/16/2013,132.8
4/17/2013,132.87
4/18/2013,134.3
4/19/2013,135.47
4/22/2013,137.9
4/23/2013,136.88
4/24/2013,138.3699
4/25/2013,141.63
4/26/2013,140.91
4/29/2013,142.3
4/30/2013,142.77
5/1/2013,141.11
5/2/2013,141.92
5/3/2013,142.09
5/6/2013,142.15
5/7/2013,140.38
5/8/2013,142.46
5/9/2013,140.81
5/10/2013,139.6
5/13/2013,138.43
5/14/2013,137.81
5/15/2013,134.63
5/16/2013,134.09
5/17/2013,131.07
5/20/2013,135.12
5/21/2013,132.88
5/22/2013,131.94
5/23/2013,134.61
5/24/2013,133.76
5/28/2013,133.49
5/29/2013,134.83
5/30/2013,136.7
5/31/2013,133.92
6/3/2013,136.51
6/4/2013,135.23
6/5/2013,135.52
6/6/2013,136.53
6/7/2013,133.28
6/10/2013,133.94
6/11/2013,133.25
6/12/2013,134.25
6/13/2013,133.74
6/14/2013,134.43
6/17/2013,133.77
6/18/2013,132.13
6/19/2013,130.59
6/20/2013,123.6
6/21/2013,125.05
6/24/2013,123.93
6/25/2013,123.47
6/26/2013,118.28
6/27/2013,115.94
6/28/2013,119.11
7/1/2013,121.13
7/2/2013,120.05
7/3/2013,120.74
7/5/2013,118.09
7/8/2013,119.51
7/9/2013,120.62
7/10/2013,120.95
7/11/2013,124.24
7/12/2013,124.13
7/15/2013,124.18
7/16/2013,124.89
7/17/2013,123.32
7/18/2013,124.01
7/19/2013,125.11
7/22/2013,128.84
7/23/2013,129.71
7/24/2013,127.48
7/25/2013,128.67
7/26/2013,128.78
7/29/2013,128.47
7/30/2013,128.12
7/31/2013,127.96
8/1/2013,126.61
8/2/2013,126.36
8/5/2013,125.7
8/6/2013,123.97
8/7/2013,124.15
8/8/2013,126.86
8/9/2013,126.86
8/12/2013,129.13
8/13/2013,127.74
8/14/2013,129
8/15/2013,131.69
8/16/2013,132.58
8/19/2013,132.01
8/20/2013,132.45
8/21/2013,132.07
8/22/2013,132.81
8/23/2013,134.9
8/26/2013,135.45
8/27/2013,136.75
8/28/2013,136.71
8/29/2013,135.87
8/30/2013,134.62
9/3/2013,136.42
9/4/2013,134.66
9/5/2013,132.2
9/6/2013,134.15
9/9/2013,133.91
9/10/2013,131.74
9/11/2013,131.7
9/12/2013,127.67
9/13/2013,127.82
9/16/2013,126.45
9/17/2013,126.5
9/18/2013,132.01
9/19/2013,131.75
9/20/2013,127.96
9/23/2013,127.55
9/24/2013,127.66
9/25/2013,128.79
9/26/2013,127.79
9/27/2013,128.97
9/30/2013,128.18
10/1/2013,124.59
10/2/2013,127.06
10/3/2013,127.18
10/4/2013,126.53
10/7/2013,127.64
10/8/2013,127.4
10/9/2013,126.11
10/10/2013,124.27
10/11/2013,122.6
10/14/2013,122.83
10/15/2013,123.73
10/16/2013,123.54
10/17/2013,127.42
10/18/2013,126.85
10/21/2013,126.98
10/22/2013,129.34
10/23/2013,128.69
10/24/2013,129.9
10/25/2013,130.46
10/28/2013,130.56
10/29/2013,129.77
10/30/2013,129.6
10/31/2013,127.74
11/1/2013,126.95
11/4/2013,126.81
11/5/2013,126.56
11/6/2013,127.2
11/7/2013,126.16
11/8/2013,124.279
11/11/2013,123.87
11/12/2013,122.45
11/13/2013,122.85
11/14/2013,124.27
11/15/2013,124.32
11/18/2013,122.9
11/19/2013,122.95
11/20/2013,120.12
11/21/2013,119.94
11/22/2013,119.92
11/25/2013,120.46
11/26/2013,119.82
11/27/2013,119.46
11/29/2013,120.7
12/2/2013,117.58
12/3/2013,117.96
12/4/2013,119.96
12/5/2013,118.3
12/6/2013,118.55
12/9/2013,119.72
12/10/2013,121.82
12/11/2013,120.86
12/12/2013,118.29
12/13/2013,119.38
12/16/2013,119.69
12/17/2013,118.65
12/18/2013,117.61
12/19/2013,114.82
12/20/2013,115.94
12/23/2013,115.57
12/24/2013,116.1
12/26/2013,116.74
12/27/2013,117.12
12/30/2013,115.39
12/31/2013,116.12
1/2/2014,118
1/3/2014,119.29
1/6/2014,119.5
1/7/2014,118.82
1/8/2014,118.12
1/9/2014,118.46
1/10/2014,120.26
1/13/2014,121.02
1/14/2014,119.89
1/15/2014,119.66
1/16/2014,119.79
1/17/2014,120.93
1/21/2014,119.7
1/22/2014,119.19
1/23/2014,121.79
1/24/2014,122.29
1/27/2014,120.96
1/28/2014,120.95
1/29/2014,122.47
1/30/2014,119.77
1/31/2014,120.09
2/3/2014,121.32
2/4/2014,120.99
2/5/2014,121.29
2/6/2014,121.24
2/7/2014,122.17
2/10/2014,122.92
2/11/2014,124.36
2/12/2014,124.43
2/13/2014,125.49
2/14/2014,127.15
2/18/2014,127.4
2/19/2014,126.27
2/20/2014,127.6
2/21/2014,127.58
2/24/2014,128.99
2/25/2014,129.21
2/26/2014,128.11
2/27/2014,128.2
2/28/2014,127.62
3/3/2014,130.29
3/4/2014,128.68
3/5/2014,128.89
3/6/2014,130.17
3/7/2014,129.09
3/10/2014,129.13
3/11/2014,129.86
3/12/2014,131.76
3/13/2014,132.21
3/14/2014,133.1
3/17/2014,131.64
3/18/2014,130.62
3/19/2014,128.09
3/20/2014,127.86
3/21/2014,128.47
3/24/2014,126.18
3/25/2014,126.41
3/26/2014,125.41
3/27/2014,124.59
3/28/2014,124.56
3/31/2014,123.61
4/1/2014,123.39
4/2/2014,124.32
4/3/2014,123.92
4/4/2014,125.57
4/7/2014,124.91
4/8/2014,126.09
4/9/2014,126.32
4/10/2014,127.01
4/11/2014,126.93
4/14/2014,127.85
4/15/2014,125.49
4/16/2014,125.54
4/17/2014,124.75
4/21/2014,124.24
4/22/2014,123.78
4/23/2014,123.76
4/24/2014,124.56
4/25/2014,125.43
4/28/2014,124.88
4/29/2014,124.86
4/30/2014,124.22
5/1/2014,123.8
5/2/2014,125.06
5/5/2014,126.22
5/6/2014,125.98
5/7/2014,124.17
5/8/2014,124.17
5/9/2014,124.1
5/12/2014,124.94
5/13/2014,124.6
5/14/2014,125.81
5/15/2014,124.77
5/16/2014,124.5
5/19/2014,124.58
5/20/2014,124.69
5/21/2014,124.39
5/22/2014,124.67
5/23/2014,124.51
5/27/2014,121.85
5/28/2014,121.2
5/29/2014,120.94
5/30/2014,120.43
6/2/2014,119.7
6/3/2014,120.01
6/4/2014,119.76
6/5/2014,120.66
6/6/2014,120.61
6/9/2014,120.65
6/10/2014,121.39
6/11/2014,121.41
6/12/2014,122.64
6/13/2014,122.96
6/16/2014,122.42
6/17/2014,122.28
6/18/2014,122.67
6/19/2014,126.94
6/20/2014,126.5
6/23/2014,126.85
6/24/2014,126.98
6/25/2014,126.99
6/26/2014,126.73
6/27/2014,126.66
6/30/2014,128.04
7/1/2014,127.7
7/2/2014,127.7
7/3/2014,127.16
7/7/2014,127.02
7/8/2014,127.07
7/9/2014,127.84
7/10/2014,128.54
7/11/2014,128.78
7/14/2014,125.72
7/15/2014,124.53
7/16/2014,124.97
7/17/2014,127.0899
7/18/2014,126.13
7/21/2014,126.34
7/22/2014,125.74
7/23/2014,125.62
7/24/2014,124.35
7/25/2014,125.791
7/28/2014,125.58
7/29/2014,125.2
7/30/2014,124.83
7/31/2014,123.39
8/1/2014,124.38
8/4/2014,123.99
8/5/2014,123.87
8/6/2014,125.67
8/7/2014,126.18
8/8/2014,126.19
8/11/2014,125.96
8/12/2014,125.99
8/13/2014,126.2
8/14/2014,126.31
8/15/2014,125.483
8/18/2014,124.96
8/19/2014,124.68
8/20/2014,124.22
8/21/2014,122.88
8/22/2014,123.19
8/25/2014,122.74
8/26/2014,123.35
8/27/2014,123.3199
8/28/2014,124
8/29/2014,123.86
9/2/2014,121.65
9/3/2014,122.15
9/4/2014,121.48
9/5/2014,122.06
9/8/2014,120.73
9/9/2014,120.87
9/10/2014,120.26
9/11/2014,119.472
9/12/2014,118.38
9/15/2014,118.64
9/16/2014,118.83
9/17/2014,117.54
9/18/2014,117.78
9/19/2014,117.09
9/22/2014,116.85
9/23/2014,117.6
9/24/2014,117.05
9/25/2014,117.39
9/26/2014,117.06
9/29/2014,117.03
9/30/2014,116.21
10/1/2014,116.77
10/2/2014,116.74
10/3/2014,114.61
10/6/2014,116.03
10/7/2014,116.36
10/8/2014,117.4701
10/9/2014,117.64
10/10/2014,117.59
10/13/2014,118.52
10/14/2014,118.59
10/15/2014,118.99
10/16/2014,119.22
10/17/2014,118.99
10/20/2014,119.8
10/21/2014,120.02
10/22/2014,119.34
10/23/2014,118.52
10/24/2014,118.35
10/27/2014,118.06
10/28/2014,118.1
10/29/2014,116.41
10/30/2014,115.19
10/31/2014,112.66
11/3/2014,112.15
11/4/2014,112.22
11/5/2014,109.79
11/6/2014,109.88
11/7/2014,112.97
11/10/2014,110.46
11/11/2014,112.04
11/12/2014,111.5
11/13/2014,111.67
11/14/2014,114.47
11/17/2014,114.05
11/18/2014,115.05
11/19/2014,113.68
11/20/2014,114.86
11/21/2014,115.39
11/24/2014,115.11
11/25/2014,115.38
11/26/2014,115.16
11/28/2014,112.11
12/1/2014,116.58
12/2/2014,115.14
12/3/2014,116.33
12/4/2014,115.88
12/5/2014,114.43
12/8/2014,115.78
12/9/2014,118.19
12/10/2014,117.96
12/11/2014,117.69
12/12/2014,117.41
12/15/2014,114.39
12/16/2014,114.95
12/17/2014,114.27
12/18/2014,115.15
12/19/2014,114.77
12/22/2014,112.55
12/23/2014,112.74
12/24/2014,112.77
12/26/2014,114.83
12/29/2014,113.67
12/30/2014,115.2
12/31/2014,113.58
1/2/2015,114.08
1/5/2015,115.8
1/6/2015,117.12
1/7/2015,116.43
1/8/2015,115.94
1/9/2015,117.26
1/12/2015,118.56
1/13/2015,118.16
1/14/2015,117.97
1/15/2015,120.94
1/16/2015,122.52
1/20/2015,124.2
1/21/2015,124.23
1/22/2015,125.23
1/23/2015,124.23
1/26/2015,122.99
1/27/2015,124.4
1/28/2015,123.42
1/29/2015,120.76
1/30/2015,123.45
2/2/2015,122.42
2/3/2015,121.05
2/4/2015,121.58
2/5/2015,121.79
2/6/2015,118.64
2/9/2015,119.17
2/10/2015,118.47
2/11/2015,117.07
2/12/2015,117.34
2/13/2015,117.98
2/17/2015,116.01
2/18/2015,116.34
2/19/2015,115.94
2/20/2015,115.28
2/23/2015,115.43
2/24/2015,115.26
2/25/2015,115.7
2/26/2015,116.07
2/27/2015,116.16
3/2/2015,115.68
3/3/2015,115.47
3/4/2015,115.11
3/5/2015,115
3/6/2015,111.86
3/9/2015,111.97
3/10/2015,111.42
3/11/2015,110.75
3/12/2015,110.72
3/13/2015,110.88
3/16/2015,110.81
3/17/2015,110.21
3/18/2015,112.37
3/19/2015,112.29
3/20/2015,113.57
3/23/2015,114.29
3/24/2015,114.57
3/25/2015,114.73
3/26/2015,115.48
3/27/2015,115.06
3/30/2015,113.75
3/31/2015,113.66
4/1/2015,115.6
4/2/2015,115.28
4/6/2015,116.69
4/7/2015,116.11
4/8/2015,115.47
4/9/2015,114.67
4/10/2015,115.966
4/13/2015,115.14
4/14/2015,114.44
4/15/2015,115.43
4/16/2015,115.03
4/17/2015,115.6
4/20/2015,114.72
4/21/2015,115.38
4/22/2015,113.83
4/23/2015,114.66
4/24/2015,113.05
4/27/2015,115.33
4/28/2015,116.33
4/29/2015,115.51
4/30/2015,113.47
5/1/2015,113.08
5/4/2015,114.1
5/5/2015,114.42
5/6/2015,114.36
5/7/2015,113.42
5/8/2015,113.97
5/11/2015,113.53
5/12/2015,114.5
5/13/2015,116.55
5/14/2015,117.18
5/15/2015,117.53
5/18/2015,117.52
5/19/2015,115.89
5/20/2015,116.08
5/21/2015,115.69
5/22/2015,115.6
5/26/2015,113.91
5/27/2015,113.89
5/28/2015,114.02
5/29/2015,114.1
6/1/2015,114
6/2/2015,114.46
6/3/2015,113.64
6/4/2015,112.84
6/5/2015,112.24
6/8/2015,112.57
6/9/2015,112.82
6/10/2015,113.78
6/11/2015,113.26
6/12/2015,113.23
6/15/2015,113.73
6/16/2015,113.32
6/17/2015,113.85
6/18/2015,115.32
6/19/2015,115.12
6/22/2015,113.64
6/23/2015,112.89
6/24/2015,112.59
6/25/2015,112.44
6/26/2015,112.56
6/29/2015,113.07
6/30/2015,112.37
7/1/2015,111.98
7/2/2015,111.76
7/6/2015,112.06
7/7/2015,110.76
7/8/2015,111.09
7/9/2015,111.36
7/10/2015,111.49
7/13/2015,110.99
7/14/2015,110.74
7/15/2015,110.16
7/16/2015,109.76
7/17/2015,108.65
7/20/2015,105.7
7/21/2015,105.37
7/22/2015,104.8
7/23/2015,104.33
7/24/2015,105.35
7/27/2015,104.86
7/28/2015,105.02
7/29/2015,105.17
7/30/2015,104.27
7/31/2015,104.93
8/3/2015,104.1
8/4/2015,104.31
8/5/2015,103.93
8/6/2015,104.39
8/7/2015,104.65
8/10/2015,105.72
8/11/2015,106.26
8/12/2015,107.75
8/13/2015,106.86
8/14/2015,106.85
8/17/2015,107.13
8/18/2015,107.11
8/19/2015,108.55
8/20/2015,110.44
8/21/2015,111.13
8/24/2015,110.53
8/25/2015,109.16
8/26/2015,107.67
8/27/2015,107.73
8/28/2015,108.7
8/31/2015,108.82
9/1/2015,109.2
9/2/2015,108.62
9/3/2015,107.84
9/4/2015,107.49
9/8/2015,107.52
9/9/2015,106.13
9/10/2015,106.38
9/11/2015,106.16
9/14/2015,106.22
9/15/2015,105.9
9/16/2015,107.31
9/17/2015,108.41
9/18/2015,109.21
9/21/2015,108.53
9/22/2015,107.79
9/23/2015,108.22
9/24/2015,110.49
9/25/2015,109.81
9/28/2015,108.42
9/29/2015,107.98
9/30/2015,106.86
10/1/2015,106.73
10/2/2015,108.99
10/5/2015,108.77
10/6/2015,109.86
10/7/2015,109.7
10/8/2015,109.14
10/9/2015,110.87
10/12/2015,111.31
10/13/2015,111.86
10/14/2015,113.81
10/15/2015,113.29
10/16/2015,112.49
10/19/2015,112.02
10/20/2015,112.73
10/21/2015,111.73
10/22/2015,111.69
10/23/2015,111.5
10/26/2015,111.43
10/27/2015,111.68
10/28/2015,110.78
10/29/2015,109.72
10/30/2015,109.3
11/2/2015,108.59
11/3/2015,106.98
11/4/2015,105.97
11/5/2015,105.64
11/6/2015,104.1
11/9/2015,104.4
11/10/2015,104.18
11/11/2015,103.83
11/12/2015,103.85
11/13/2015,103.56
11/16/2015,103.71
11/17/2015,102.34
11/18/2015,102.43
11/19/2015,103.56
11/20/2015,103.09
11/23/2015,102.26
11/24/2015,102.94
11/25/2015,102.46
11/27/2015,101.25
11/30/2015,101.92
12/1/2015,102.28
12/2/2015,100.69
12/3/2015,101.76
12/4/2015,104.02
12/7/2015,102.67
12/8/2015,102.84
12/9/2015,102.64
12/10/2015,102.55
12/11/2015,103.11
12/14/2015,101.79
12/15/2015,101.52
12/16/2015,102.75
12/17/2015,100.5
12/18/2015,102.04
12/21/2015,103.15
12/22/2015,102.61
12/23/2015,102.31
12/24/2015,103.05
12/28/2015,102.27
12/29/2015,102.2
12/30/2015,101.42
12/31/2015,101.46
1/4/2016,102.89
1/5/2016,103.18
1/6/2016,104.67
1/7/2016,106.15
1/8/2016,105.68
1/11/2016,104.74
1/12/2016,104.21
1/13/2016,104.72
1/14/2016,103.02
1/15/2016,104.08
1/19/2016,103.98
1/20/2016,105.37
1/21/2016,105.49
1/22/2016,105
1/25/2016,106.08
1/26/2016,107.29
1/27/2016,107.69
1/28/2016,106.54
1/29/2016,106.9492
2/1/2016,108.05
2/2/2016,108.09
2/3/2016,109.25
2/4/2016,110.57
2/5/2016,112.32
2/8/2016,113.83
2/9/2016,113.58
2/10/2016,114.46
2/11/2016,119.0592
2/12/2016,118.36
2/16/2016,114.77
2/17/2016,115.48
2/18/2016,118.29
2/19/2016,117.58
2/22/2016,115.49
2/23/2016,117.22
2/24/2016,117.61
2/25/2016,117.92
2/26/2016,117.11
2/29/2016,118.64
3/1/2016,117.77
3/2/2016,118.68
3/3/2016,120.73
3/4/2016,120.54
3/7/2016,121.14
3/8/2016,120.58
3/9/2016,119.58
3/10/2016,121.5
3/11/2016,119.41
3/14/2016,117.87
3/15/2016,117.96
3/16/2016,120.59
3/17/2016,120.13
3/18/2016,119.8
3/21/2016,118.96
3/22/2016,119.31
3/23/2016,116.61
3/24/2016,116.33
3/28/2016,116.6
3/29/2016,118.76
3/30/2016,117.1
3/31/2016,117.64
4/1/2016,116.93
4/4/2016,116.15
4/5/2016,117.66
4/6/2016,116.94
4/7/2016,118.61
4/8/2016,118.43
4/11/2016,120.03
4/12/2016,120.05
4/13/2016,118.77
4/14/2016,117.11
4/15/2016,117.92
4/18/2016,117.74
4/19/2016,119.58
4/20/2016,118.97
4/21/2016,119.42
4/22/2016,117.89
4/25/2016,118.23
4/26/2016,118.7
4/27/2016,119.04
4/28/2016,121.29
4/29/2016,123.65
5/2/2016,123.24
5/3/2016,122.96
5/4/2016,122.21
5/5/2016,122.07
5/6/2016,123.18
5/9/2016,120.65
5/10/2016,120.98
5/11/2016,122.12
5/12/2016,121.16
5/13/2016,121.71
5/16/2016,121.8
5/17/2016,122.22
5/18/2016,120.1
5/19/2016,119.87
5/20/2016,119.71
5/23/2016,119.37
5/24/2016,117.3
5/25/2016,116.98
5/26/2016,116.58
5/27/2016,115.62
5/31/2016,116.06
6/1/2016,115.94
6/2/2016,115.67
6/3/2016,118.88
6/6/2016,118.92
6/7/2016,118.82
6/8/2016,120.58
6/9/2016,121.25
6/10/2016,121.74
6/13/2016,122.64
6/14/2016,122.77
6/15/2016,123.68
6/16/2016,122.38
6/17/2016,123.95
6/20/2016,123.21
6/21/2016,120.84
6/22/2016,120.9
6/23/2016,120.11
6/24/2016,126.01
6/27/2016,126.68
6/28/2016,125.32
6/29/2016,125.84
6/30/2016,126.47
7/1/2016,128.41
7/5/2016,129.47
7/6/2016,130.23
7/7/2016,129.74
7/8/2016,130.52
7/11/2016,129.29
7/12/2016,127.15
7/13/2016,128.32
7/14/2016,127.33
7/15/2016,126.84
7/18/2016,127.04
7/19/2016,127.21
7/20/2016,125.39
7/21/2016,127.3
7/22/2016,126.35
7/25/2016,125.47
7/26/2016,126
7/27/2016,128.03
7/28/2016,127.66
7/29/2016,128.98
8/1/2016,129.22
8/2/2016,130.27
8/3/2016,129.65
8/4/2016,129.87
8/5/2016,127.55
8/8/2016,127.44
8/9/2016,127.96
8/10/2016,128.56
8/11/2016,127.67
8/12/2016,127.4
8/15/2016,127.84
8/16/2016,128.47
8/17/2016,128.5
8/18/2016,129.11
8/19/2016,127.97
8/22/2016,127.78
8/23/2016,127.76
8/24/2016,126.34
8/25/2016,126.23
8/26/2016,126.05
8/29/2016,126.3
8/30/2016,125.03
8/31/2016,124.78
9/1/2016,125.29
9/2/2016,126.57
9/6/2016,128.71
9/7/2016,128.27
9/8/2016,127.59
9/9/2016,126.75
9/12/2016,126.59
9/13/2016,125.75
9/14/2016,126.18
9/15/2016,125.37
9/16/2016,125.06
9/19/2016,125.32
9/20/2016,125.44
9/21/2016,127.27
9/22/2016,127.57
9/23/2016,127.65
9/26/2016,127.55
9/27/2016,126.62
9/28/2016,126.22
9/29/2016,126.07
9/30/2016,125.64
10/3/2016,125.32
10/4/2016,120.97
10/5/2016,120.78
10/6/2016,119.66
10/7/2016,119.74
10/10/2016,120.16
10/11/2016,119.55
10/12/2016,119.74
10/13/2016,120.03
10/14/2016,119.36
10/17/2016,119.68
10/18/2016,120.42
10/19/2016,121.11
10/20/2016,120.74
10/21/2016,120.83
10/24/2016,120.56
10/25/2016,121.47
10/26/2016,120.79
10/27/2016,121.01
10/28/2016,121.58
10/31/2016,121.94
11/1/2016,122.73
11/2/2016,123.64
11/3/2016,124.3
11/4/2016,124.39
11/7/2016,122.15
11/8/2016,121.64
11/9/2016,121.56
11/10/2016,119.75
11/11/2016,117.1
11/14/2016,116.11
11/15/2016,117.12
11/16/2016,116.77
11/17/2016,116.17
11/18/2016,115.15
11/21/2016,115.58
11/22/2016,115.54
11/23/2016,113.25
11/25/2016,112.61
11/28/2016,113.8
11/29/2016,113.27
11/30/2016,111.75
12/1/2016,111.54
12/2/2016,112.14
12/5/2016,111.54
12/6/2016,111.43
12/7/2016,111.83
12/8/2016,111.57
12/9/2016,110.4
12/12/2016,110.82
12/13/2016,110.45
12/14/2016,108.83
12/15/2016,107.34
12/16/2016,108.05
12/19/2016,108.59
12/20/2016,107.79
12/21/2016,107.85
12/22/2016,107.59
12/23/2016,107.93
12/27/2016,108.56
12/28/2016,108.86
12/29/2016,110.29
12/30/2016,109.61
1/3/2017,110.47
1/4/2017,110.86
1/5/2017,112.58
1/6/2017,111.75
1/9/2017,112.67
1/10/2017,113.15
1/11/2017,113.5
1/12/2017,113.91
1/13/2017,114.21
1/17/2017,115.85
1/18/2017,114.87
1/19/2017,114.77
1/20/2017,115.05
1/23/2017,115.79
1/24/2017,115.27
1/25/2017,114.32
1/26/2017,113.26
1/27/2017,113.49
1/30/2017,113.97
1/31/2017,115.55
2/1/2017,115.2
2/2/2017,115.84
2/3/2017,116.13
2/6/2017,117.7
2/7/2017,117.46
2/8/2017,118.19
2/9/2017,117.29
2/10/2017,117.6
2/13/2017,116.8
2/14/2017,116.93
2/15/2017,117.45
2/16/2017,118.08
2/17/2017,117.68
2/21/2017,117.75
2/22/2017,117.91
2/23/2017,118.94
2/24/2017,119.7
2/27/2017,119.12
2/28/2017,119.23
3/1/2017,119.06
3/2/2017,117.58
3/3/2017,117.51
3/6/2017,116.72
3/7/2017,115.78
3/8/2017,115.06
3/9/2017,114.47
3/10/2017,114.72
3/13/2017,114.74
3/14/2017,114.12
3/15/2017,116.25
3/16/2017,116.73
3/17/2017,116.99
3/20/2017,117.5645
3/21/2017,118.54
3/22/2017,118.83
3/23/2017,118.67
3/24/2017,118.86
3/27/2017,119.53
3/28/2017,119.04
3/29/2017,119.33
3/30/2017,118.47
3/31/2017,118.72
4/3/2017,119.35
4/4/2017,119.62
4/5/2017,119.62
4/6/2017,119.18
4/7/2017,119.46
4/10/2017,119.46
4/11/2017,121.19
4/12/2017,122.02
4/13/2017,122.6
4/17/2017,122.24
4/18/2017,122.82
4/19/2017,121.73
4/20/2017,121.96
4/21/2017,122.31
4/24/2017,121.48
4/25/2017,120.25
4/26/2017,120.84
4/27/2017,120.39
4/28/2017,120.77
5/1/2017,119.67
5/2/2017,119.65
5/3/2017,117.98
5/4/2017,116.79
5/5/2017,117.01
5/8/2017,116.75
5/9/2017,116.05
5/10/2017,116.04
5/11/2017,116.5
5/12/2017,116.83
5/15/2017,117.14
5/16/2017,117.65
5/17/2017,119.79
5/18/2017,118.81
5/19/2017,119.4
5/22/2017,119.9
5/23/2017,119.14
5/24/2017,119.61
5/25/2017,119.48
5/26/2017,120.54
5/30/2017,120.14
5/31/2017,120.62
6/1/2017,120.72
6/2/2017,121.61
6/5/2017,121.73
6/6/2017,123.1
6/7/2017,122.45
6/8/2017,121.65
6/9/2017,120.54
6/12/2017,120.36
6/13/2017,120.48
6/14/2017,119.82
6/15/2017,119.32
6/16/2017,119.34
6/19/2017,118.43
6/20/2017,118.18
6/21/2017,118.52
6/22/2017,118.92
6/23/2017,119.43
6/26/2017,118.36
6/27/2017,118.81
6/28/2017,118.9
6/29/2017,118.32
6/30/2017,118.02
7/3/2017,116.09
7/5/2017,116.52
7/6/2017,116.47
7/7/2017,115.28
7/10/2017,115.47
7/11/2017,115.62
7/12/2017,116.03
7/13/2017,115.82
7/14/2017,116.77
7/17/2017,117.29
7/18/2017,118.11
7/19/2017,118.08
7/20/2017,118.24
7/21/2017,119.26
7/24/2017,119.31
7/25/2017,118.92
7/26/2017,119.88
7/27/2017,119.79
7/28/2017,120.69
7/31/2017,120.75
8/1/2017,120.65
8/2/2017,120.4
8/3/2017,120.59
8/4/2017,119.65
8/7/2017,119.51
8/8/2017,119.86
8/9/2017,121.31
8/10/2017,122.21
8/11/2017,122.79
8/14/2017,121.92
8/15/2017,120.98
8/16/2017,121.87
8/17/2017,122.49
8/18/2017,122.3
8/21/2017,122.76
8/22/2017,122.21
8/23/2017,122.67
8/24/2017,122.29
8/25/2017,122.74
8/28/2017,124.69
8/29/2017,124.42
8/30/2017,124.36
8/31/2017,125.82
9/1/2017,126.06
9/5/2017,127.46
9/6/2017,126.81
9/7/2017,128.13
9/8/2017,127.97
9/11/2017,126.19
9/12/2017,126.56
9/13/2017,125.61
9/14/2017,126.16
9/15/2017,125.53
9/18/2017,124.36
9/19/2017,124.62
9/20/2017,123.62
9/21/2017,122.68
9/22/2017,123.24
9/25/2017,124.53
9/26/2017,123.14
9/27/2017,121.98
9/28/2017,122.21
9/29/2017,121.58
10/2/2017,120.77
10/3/2017,120.83
10/4/2017,121.17
10/5/2017,120.52
10/6/2017,121.09
10/9/2017,122.08
10/10/2017,122.4
10/11/2017,122.79
10/12/2017,122.89
10/13/2017,123.82
10/16/2017,122.97
10/17/2017,122.13
10/18/2017,121.67
10/19/2017,122.39
10/20/2017,121.61
10/23/2017,121.8
10/24/2017,121.33
10/25/2017,121.35
10/26/2017,120.33
10/27/2017,120.9
10/30/2017,121.13
10/31/2017,120.67
11/1/2017,121.11
11/2/2017,121.19
11/3/2017,120.62
11/6/2017,121.65
11/7/2017,121.21
11/8/2017,121.63
11/9/2017,122.13
11/10/2017,121.13
11/13/2017,121.31
11/14/2017,121.56
11/15/2017,121.41
11/16/2017,121.4
11/17/2017,122.86
11/20/2017,121.31
11/21/2017,121.51
11/22/2017,122.63
11/24/2017,122.32
11/27/2017,122.83
11/28/2017,122.81
11/29/2017,122.04
11/30/2017,121.1
12/1/2017,121.59
12/4/2017,121.18
12/5/2017,120.32
12/6/2017,120.07
12/7/2017,118.49
12/8/2017,118.48
12/11/2017,118.01
12/12/2017,118.15
12/13/2017,119.17
12/14/2017,118.93
12/15/2017,119.18
12/18/2017,119.73
12/19/2017,119.82
12/20/2017,120.14
12/21/2017,120.31
12/22/2017,120.94
12/26/2017,121.77
12/27/2017,122.23
12/28/2017,122.85
12/29/2017,123.65
1/2/2018,125.15
1/3/2018,124.82
1/4/2018,125.46
1/5/2018,125.33
1/8/2018,125.31
1/9/2018,124.73
1/10/2018,125.03
1/11/2018,125.44
1/12/2018,126.96
1/16/2018,127.17
1/17/2018,126.14
1/18/2018,125.86
1/19/2018,126.42
1/22/2018,126.65
1/23/2018,127.28
1/24/2018,128.83
1/25/2018,127.97
1/26/2018,128.07
1/29/2018,127.35
1/30/2018,126.8
1/31/2018,127.65
2/1/2018,128.07
2/2/2018,126.39
2/5/2018,126.71
2/6/2018,125.38
2/7/2018,124.79
2/8/2018,124.98
2/9/2018,124.77
2/12/2018,125.37
2/13/2018,126.08
2/14/2018,128.23
2/15/2018,128.38
2/16/2018,127.96
2/20/2018,126.24
2/21/2018,125.66
2/22/2018,126.3
2/23/2018,126.14
2/26/2018,126.45
2/27/2018,125.13
2/28/2018,125
3/1/2018,124.72
3/2/2018,125.39
3/5/2018,125.18
3/6/2018,126.53
3/7/2018,125.72
3/8/2018,125.42
3/9/2018,125.54
3/12/2018,125.54
3/13/2018,125.78
3/14/2018,125.7
3/15/2018,124.9
3/16/2018,124.6
3/19/2018,124.87
3/20/2018,124.31
3/21/2018,126.48
3/22/2018,125.98
3/23/2018,127.61
3/26/2018,128.28
3/27/2018,127.49
3/28/2018,125.73
3/29/2018,125.79
4/2/2018,127.26
4/3/2018,126.3
4/4/2018,126.45
4/5/2018,125.8
4/6/2018,126.39
4/9/2018,126.82
4/10/2018,127.12
4/11/2018,128.11
4/12/2018,126.62
4/13/2018,127.45
4/16/2018,127.63
4/17/2018,127.75
4/18/2018,127.85
4/19/2018,127.6
4/20/2018,126.63
4/23/2018,125.62
4/24/2018,126.23
4/25/2018,125.41
4/26/2018,124.97
4/27/2018,125.5
4/30/2018,124.59
5/1/2018,123.71
5/2/2018,123.65
5/3/2018,124.28
5/4/2018,124.54
5/7/2018,124.57
5/8/2018,124.59
5/9/2018,124.33
5/10/2018,125.18
5/11/2018,125
5/14/2018,124.49
5/15/2018,122.48
5/16/2018,122.29
5/17/2018,122.36
5/18/2018,122.41
5/21/2018,122.48
5/22/2018,122.41
5/23/2018,122.54
5/24/2018,123.59
5/25/2018,123.21
5/29/2018,123.19
5/30/2018,123.37
5/31/2018,123.1
6/1/2018,122.49
6/4/2018,122.37
6/5/2018,122.85
6/6/2018,122.92
6/7/2018,122.86
6/8/2018,123.01
6/11/2018,123.23
6/12/2018,122.82
6/13/2018,123.19
6/14/2018,123.38
6/15/2018,121.34
6/18/2018,121.11
6/19/2018,120.8
6/20/2018,120.26
6/21/2018,120.05
6/22/2018,120.34
6/25/2018,119.89
6/26/2018,119.26
6/27/2018,118.58
6/28/2018,118.22
6/29/2018,118.65
7/2/2018,117.46
7/3/2018,118.65
7/5/2018,119.05
7/6/2018,118.86
7/9/2018,119.15
7/10/2018,118.93
7/11/2018,117.64
7/12/2018,118.13
7/13/2018,117.61
7/16/2018,117.55
7/17/2018,116.28
7/18/2018,116.31
7/19/2018,115.81
7/20/2018,116.56
7/23/2018,116
7/24/2018,116.04
7/25/2018,116.68
7/26/2018,115.77
7/27/2018,115.83
7/30/2018,115.65
7/31/2018,115.99
8/1/2018,115.14
8/2/2018,114.52
8/3/2018,114.92
8/6/2018,114.33
8/7/2018,114.59
8/8/2018,114.91
8/9/2018,114.74
8/10/2018,114.69
8/13/2018,112.96
8/14/2018,113.07
8/15/2018,111.19
8/16/2018,111.1
8/17/2018,112.13
8/20/2018,112.69
8/21/2018,113.02
8/22/2018,113.27
8/23/2018,112.2
8/24/2018,114.16
8/27/2018,114.59
8/28/2018,113.68
8/29/2018,114.2
8/30/2018,113.64
8/31/2018,113.51
9/4/2018,112.93
9/5/2018,113.32
9/6/2018,113.54
9/7/2018,113.23
9/10/2018,113.15
9/11/2018,113.22
9/12/2018,114.17
9/13/2018,113.76
9/14/2018,113.02
9/17/2018,113.61
9/18/2018,113.44
9/19/2018,113.88
9/20/2018,114.27
9/21/2018,113.49
9/24/2018,113.47
9/25/2018,113.65
9/26/2018,113.05
9/27/2018,112.05
9/28/2018,112.76
10/1/2018,112.57
10/2/2018,113.87
10/3/2018,113.42
10/4/2018,113.48
10/5/2018,113.8
10/8/2018,112.54
10/9/2018,112.6
10/10/2018,112.88
10/11/2018,115.78
10/12/2018,115.23
10/15/2018,116
10/16/2018,115.8
10/17/2018,115.79
10/18/2018,115.92
10/19/2018,116.01
10/22/2018,115.71
10/23/2018,116.39
10/24/2018,116.66
10/25/2018,116.4
10/26/2018,116.77
10/29/2018,116.31
10/30/2018,115.8
10/31/2018,115.15
11/1/2018,116.63
11/2/2018,116.65
11/5/2018,116.37
11/6/2018,116.04
11/7/2018,116.03
11/8/2018,115.78
11/9/2018,114.48
11/12/2018,113.66
11/13/2018,113.7
11/14/2018,114.64
11/15/2018,114.77
11/16/2018,115.62
11/19/2018,115.67
11/20/2018,115.67
11/21/2018,115.86
11/23/2018,115.77
11/26/2018,115.64
11/27/2018,114.95
11/28/2018,115.38
11/29/2018,115.74
11/30/2018,115.54
12/3/2018,116.41
12/4/2018,117.12
12/6/2018,117.14
12/7/2018,118.09
12/10/2018,117.68
12/11/2018,117.54
12/12/2018,117.79
12/13/2018,117.53
12/14/2018,117.06
12/17/2018,117.87
12/18/2018,118.15
12/19/2018,117.43
12/20/2018,119.24
12/21/2018,118.72
12/24/2018,120.02
12/26/2018,119.66
12/27/2018,120.57
12/28/2018,121.06
12/31/2018,121.25
1/2/2019,121.33
1/3/2019,122.43
1/4/2019,121.44
1/7/2019,121.86
1/8/2019,121.53
1/9/2019,122.31
1/10/2019,121.59
1/11/2019,121.8
1/14/2019,122.09
1/15/2019,121.88
1/16/2019,122.27
1/17/2019,122.11
1/18/2019,121.02
1/22/2019,121.45
1/23/2019,121.28
1/24/2019,121.09
1/25/2019,122.86
1/28/2019,123.29
1/29/2019,123.98
1/30/2019,124.69
1/31/2019,124.75
2/1/2019,124.5
2/4/2019,123.96
2/5/2019,124.28
2/6/2019,123.44
2/7/2019,123.74
2/8/2019,124.21
2/11/2019,123.6
2/12/2019,123.86
2/13/2019,123.37
2/14/2019,124.06
2/15/2019,124.8
2/19/2019,126.7
2/20/2019,126.48
2/21/2019,125.05
2/22/2019,125.5
2/25/2019,125.37
2/26/2019,125.58
2/27/2019,124.69
2/28/2019,123.99
3/1/2019,121.88
3/4/2019,121.56
3/5/2019,121.72
3/6/2019,121.61
3/7/2019,121.51
3/8/2019,122.84
3/11/2019,122.24
3/12/2019,122.98
3/13/2019,123.84
3/14/2019,122.41
3/15/2019,122.97
3/18/2019,123.04
3/19/2019,123.38
3/20/2019,124.18
3/21/2019,123.68
3/22/2019,123.97
3/25/2019,124.92
3/26/2019,124.3
3/27/2019,123.65
3/28/2019,121.9
3/29/2019,122.01
4/1/2019,121.53
4/2/2019,121.98
4/3/2019,121.8
4/4/2019,122.11
4/5/2019,121.98
4/8/2019,122.51
4/9/2019,123.15
4/10/2019,123.53
4/11/2019,121.95
4/12/2019,121.83
4/15/2019,121.6
4/16/2019,120.51
4/17/2019,120.28
4/18/2019,120.37
4/22/2019,120.37
4/23/2019,120.12
4/24/2019,120.47
4/25/2019,120.57
4/26/2019,121.37
4/29/2019,120.83
4/30/2019,121.2
5/1/2019,120.4
5/2/2019,119.94
5/3/2019,120.65
5/6/2019,120.81
5/7/2019,121.21
5/8/2019,120.91
5/9/2019,121.2
5/10/2019,121.43
5/13/2019,122.67
5/14/2019,122.46
5/15/2019,122.39
5/16/2019,121.51
5/17/2019,120.65
5/20/2019,120.64
5/21/2019,120.36
5/22/2019,120.24
5/23/2019,121.17
5/24/2019,121.3
5/28/2019,120.83
5/29/2019,120.87
5/30/2019,121.69
5/31/2019,123.33
6/3/2019,125.11
6/4/2019,125.15
6/5/2019,125.47
6/6/2019,125.88
6/7/2019,126.59
6/10/2019,125.33
6/11/2019,125.18
6/12/2019,125.83
6/13/2019,126.6
6/14/2019,126.56
6/17/2019,126.48
6/18/2019,127.12
6/19/2019,127.89
6/20/2019,131.11
6/21/2019,131.98
6/24/2019,133.94
6/25/2019,134.2
6/26/2019,132.97
6/27/2019,132.84
6/28/2019,133.2
7/1/2019,130.62
7/2/2019,133.41
7/3/2019,133.63
7/5/2019,132.14
7/8/2019,131.29
7/9/2019,131.75
7/10/2019,133.83
7/11/2019,132.7
7/12/2019,133.53
7/15/2019,133.53
7/16/2019,132.4
7/17/2019,134.58
7/18/2019,136.48
7/19/2019,134.47
7/22/2019,134.45
7/23/2019,133.69
7/24/2019,134.37
7/25/2019,133.42
7/26/2019,133.64
7/29/2019,134.53
7/30/2019,134.98
7/31/2019,133.21
8/1/2019,136.41
8/2/2019,135.89
8/5/2019,137.79
8/6/2019,138.91
8/7/2019,141.02
8/8/2019,141.73
8/9/2019,141.26
8/12/2019,142.63
8/13/2019,141.78
8/14/2019,142.75
8/15/2019,143.7
8/16/2019,142.78
8/19/2019,141.11
8/20/2019,142.21
8/21/2019,141.76
8/22/2019,141.4
8/23/2019,144.17
8/26/2019,144.19
8/27/2019,145.57
8/28/2019,145.16
8/29/2019,144.12
8/30/2019,143.75
9/3/2019,145.75
9/4/2019,146.66
9/5/2019,143.14
9/6/2019,141.92
9/9/2019,141.39
9/10/2019,140.18
9/11/2019,141.03
9/12/2019,141.32
9/13/2019,140.15
9/16/2019,141.32
9/17/2019,141.6
9/18/2019,140.71
9/19/2019,141.28
9/20/2019,142.95
9/23/2019,143.75
9/24/2019,144.51
9/25/2019,141.83
9/26/2019,141.79
9/27/2019,141.06
9/30/2019,138.87
10/1/2019,139.63
10/2/2019,141.26
10/3/2019,141.9
10/4/2019,141.9
10/7/2019,140.69
10/8/2019,141.92
10/9/2019,142.05
10/10/2019,140.81
10/11/2019,140.03
10/14/2019,140.59
10/15/2019,139.61
10/16/2019,140.41
10/17/2019,140.61
10/18/2019,140.46
10/21/2019,139.79
10/22/2019,140.2
10/23/2019,140.53
10/24/2019,141.53
10/25/2019,141.86
10/28/2019,140.64
10/29/2019,140.25
10/30/2019,141.02
10/31/2019,142.43
11/1/2019,142.56
11/4/2019,142.15
11/5/2019,139.85
11/6/2019,140.45
11/7/2019,138.27
11/8/2019,137.39
11/11/2019,137.06
11/12/2019,137.43
11/13/2019,137.98
11/14/2019,138.56
11/15/2019,138.21
11/18/2019,138.62
11/19/2019,138.69
11/20/2019,138.76
11/21/2019,138
11/22/2019,137.74
11/25/2019,137.08
11/26/2019,137.74
11/27/2019,137.01
11/29/2019,137.86
12/2/2019,137.79
12/3/2019,139.11
12/4/2019,138.92
12/5/2019,139
12/6/2019,137.62
12/9/2019,137.58
12/10/2019,137.97
12/11/2019,138.92
12/12/2019,138.43
12/13/2019,139.05
12/16/2019,139.04
12/17/2019,139.01
12/18/2019,139.02
12/19/2019,139.38
12/20/2019,139.52
12/23/2019,139.95
12/24/2019,141.27
12/26/2019,142.38
12/27/2019,142.33
12/30/2019,142.63
12/31/2019,142.9
1/2/2020,143.95
1/3/2020,145.86
1/6/2020,147.39
1/7/2020,147.97
1/8/2020,146.86
1/9/2020,146.03
1/10/2020,146.91
1/13/2020,145.82
1/14/2020,145.69
1/15/2020,146.54
1/16/2020,146.31
1/17/2020,146.58
1/21/2020,146.74
1/22/2020,146.79
1/23/2020,147.12
1/24/2020,147.98
1/27/2020,148.99
1/28/2020,147.66
1/29/2020,148.46
1/30/2020,148.47
1/31/2020,149.33
2/3/2020,148.36
2/4/2020,146.43
2/5/2020,146.61
2/6/2020,147.4
2/7/2020,147.79
2/10/2020,148.17
2/11/2020,147.66
2/12/2020,147.54
2/13/2020,148.38
2/14/2020,149
2/18/2020,150.91
2/19/2020,151.79
2/20/2020,152.41
2/21/2020,154.7
2/24/2020,156.09
2/25/2020,153.3
2/26/2020,153.97
2/27/2020,154
2/28/2020,148.38
3/2/2020,149.2
3/3/2020,153.89
3/4/2020,154.16
3/5/2020,157.49
3/6/2020,157.55
3/9/2020,157.81
3/10/2020,154.48
3/11/2020,153.93
3/12/2020,147.79
3/13/2020,143.28
3/16/2020,141.64
3/17/2020,143.56
3/18/2020,140.7
3/19/2020,138.04
3/20/2020,140.11
3/23/2020,146.3
3/24/2020,153.4
3/25/2020,151.3
3/26/2020,153.24
3/27/2020,152.25
3/30/2020,152.92
3/31/2020,148.05
4/1/2020,149.45
4/2/2020,151.9
4/3/2020,152.65
4/6/2020,156.88
4/7/2020,156.04
4/8/2020,154.65
4/9/2020,158.69
4/13/2020,161.41
4/14/2020,162.68
4/15/2020,161.85
4/16/2020,161.71
4/17/2020,158.57
4/20/2020,159.7
4/21/2020,158.61
4/22/2020,161.73
4/23/2020,163.34
4/24/2020,162.64
4/27/2020,161.56
4/28/2020,160.84
4/29/2020,161.73
4/30/2020,158.8
5/1/2020,159.78
5/4/2020,160.34
5/5/2020,161.02
5/6/2020,158.95
5/7/2020,161.39
5/8/2020,160.42
5/11/2020,159.42
5/12/2020,160.04
5/13/2020,161.58
5/14/2020,163.01
5/15/2020,163.93
5/18/2020,162.69
5/19/2020,164.26
5/20/2020,164.65
5/21/2020,162.25
5/22/2020,163.21
5/26/2020,160.89
5/27/2020,161.18
5/28/2020,161.72
5/29/2020,162.91
6/1/2020,163.66
6/2/2020,162.6
6/3/2020,159.6
6/4/2020,161.28
6/5/2020,158.01
6/8/2020,159.72
6/9/2020,161.26
6/10/2020,163.57
6/11/2020,162.39
6/12/2020,162.62
6/15/2020,162.33
6/16/2020,162.25
6/17/2020,162.56
6/18/2020,162.24
6/19/2020,164.03
6/22/2020,165.09
6/23/2020,166.48
6/24/2020,165.9
6/25/2020,165.8
6/26/2020,166.54
6/29/2020,166.63
6/30/2020,167.37
7/1/2020,166.62
7/2/2020,166.98
7/6/2020,167.98
7/7/2020,169.04
7/8/2020,170.09
7/9/2020,169.63
7/10/2020,169.19
7/13/2020,169.4
7/14/2020,170.19
7/15/2020,170.34
7/16/2020,168.73
7/17/2020,170.12
7/20/2020,170.94
7/21/2020,173
7/22/2020,175.63
7/23/2020,177.18
7/24/2020,178.7
7/27/2020,182.23
7/28/2020,183.75
7/29/2020,185.13
7/30/2020,183.76
7/31/2020,185.43
8/3/2020,185.64
8/4/2020,189.59
8/5/2020,191.35
8/6/2020,193.89
8/7/2020,190.81
8/10/2020,190.15
8/11/2020,179.94
8/12/2020,179.1
8/13/2020,183.33
8/14/2020,182.54
8/17/2020,186.5
8/18/2020,188.18
8/19/2020,182.24
8/20/2020,183.5
8/21/2020,182.03
8/24/2020,181
8/25/2020,181.22
8/26/2020,183.36
8/27/2020,181.24
8/28/2020,184.39
8/31/2020,184.83
9/1/2020,185.05
9/2/2020,182.62
9/3/2020,181.14
9/4/2020,181.64
9/8/2020,181.29
9/9/2020,183.05
9/10/2020,182.46
9/11/2020,182.45
9/14/2020,183.89
9/15/2020,183.45
9/16/2020,183.97
9/17/2020,182.96
9/18/2020,183.2
9/21/2020,179.52
9/22/2020,178.65
9/23/2020,174.79
9/24/2020,175.44
9/25/2020,174.94
9/28/2020,176.7
9/29/2020,178.19
9/30/2020,177.12
10/1/2020,178.7
10/2/2020,178.54
10/5/2020,179.41
10/6/2020,177.3
10/7/2020,177.22
10/8/2020,177.85
10/9/2020,181.08
10/12/2020,180.56
10/13/2020,177.72
10/14/2020,178.27
10/15/2020,178.92
10/16/2020,178.3
10/19/2020,178.39
10/20/2020,179.25
10/21/2020,180.6
10/22/2020,178.83
10/23/2020,178.64
10/26/2020,178.55
10/27/2020,179.02
10/28/2020,176.13
10/29/2020,175.4
10/30/2020,176.2
11/2/2020,177.91
11/3/2020,178.92
11/4/2020,178.82
11/5/2020,182.93
11/6/2020,183.19
11/9/2020,175.08
11/10/2020,175.66
11/11/2020,174.9
11/12/2020,175.96
11/13/2020,177.16
11/16/2020,177.15
11/17/2020,176.5
11/18/2020,175.49
11/19/2020,175.16
11/20/2020,175.69
11/23/2020,172.23
11/24/2020,169.59
11/25/2020,169.51
11/27/2020,167.79
11/30/2020,166.67
12/1/2020,170.18
12/2/2020,171.46
12/3/2020,172.81
12/4/2020,172.32
12/7/2020,174.89
12/8/2020,175.5
12/9/2020,172.5
12/10/2020,172.17
12/11/2020,172.49
12/14/2020,171.54
12/15/2020,173.94
12/16/2020,174.9
12/17/2020,176.74
12/18/2020,176.44
12/21/2020,175.88
12/22/2020,174.49
12/23/2020,175.65
12/24/2020,176.35
12/28/2020,175.71
12/29/2020,176.35
12/30/2020,177.7
12/31/2020,178.36
1/4/2021,182.33
1/5/2021,182.87
1/6/2021,179.9
1/7/2021,179.48
1/8/2021,173.34
1/11/2021,173
1/12/2021,174.12
1/13/2021,173.37
1/14/2021,173.28
1/15/2021,171.13
1/19/2021,172.58
1/20/2021,175.39
1/21/2021,175.28
1/22/2021,173.9
1/25/2021,174.05
1/26/2021,173.62
1/27/2021,172.52
1/28/2021,172.68
1/29/2021,172.61
2/1/2021,174.23
2/2/2021,172.11
2/3/2021,171.85
2/4/2021,168.15
2/5/2021,169.81
2/8/2021,171.52
2/9/2021,172.08
2/10/2021,172.71
2/11/2021,171.21
2/12/2021,170.69
2/16/2021,168.24
2/17/2021,166.33
2/18/2021,166.32
2/19/2021,167.01
2/22/2021,169.51
2/23/2021,169.12
2/24/2021,169
2/25/2021,165.82
2/26/2021,161.81
3/1/2021,161.53
3/2/2021,162.41
3/3/2021,160.62
3/4/2021,159.04
3/5/2021,159.14
3/8/2021,157.49
3/9/2021,160.84
3/10/2021,161.66
3/11/2021,161.52
3/12/2021,161.49
3/15/2021,162.2
3/16/2021,162.35
3/17/2021,163.51
3/18/2021,162.56
3/19/2021,163.24
3/22/2021,163
3/23/2021,161.81
3/24/2021,162.37
3/25/2021,161.78
3/26/2021,162.24
3/29/2021,160.31
3/30/2021,157.57
3/31/2021,159.96
4/1/2021,161.98
4/5/2021,161.92
4/6/2021,163.22
4/7/2021,162.76
4/8/2021,164.51
4/9/2021,163.27
4/12/2021,162.28
4/13/2021,163.43
4/14/2021,162.72
4/15/2021,165.35
4/16/2021,166.35
4/19/2021,165.89
4/20/2021,166.48
4/21/2021,168.13
4/22/2021,167.04
4/23/2021,166.4
4/26/2021,166.84
4/27/2021,166.42
4/28/2021,166.91
4/29/2021,166.22
4/30/2021,165.66
5/3/2021,167.81
5/4/2021,166.58
5/5/2021,167.27
5/6/2021,170.06
5/7/2021,171.59
5/10/2021,172.11
5/11/2021,172.14
5/12/2021,170.43
5/13/2021,171.13
5/14/2021,172.69
5/17/2021,174.7
5/18/2021,175.04
5/19/2021,175.16
5/20/2021,175.96
5/21/2021,176.04
5/24/2021,176.35
5/25/2021,177.95
5/26/2021,177.64
5/27/2021,177.71
5/28/2021,178.38
6/1/2021,177.9
6/2/2021,178.77
6/3/2021,175.27
6/4/2021,177.16
6/7/2021,177.87
6/8/2021,177.32
6/9/2021,176.98
6/10/2021,177.74
6/11/2021,175.74
6/14/2021,174.71
6/15/2021,174.05
6/16/2021,171.11
6/17/2021,165.85
6/18/2021,164.93
6/21/2021,166.95
6/22/2021,166.25
6/23/2021,166.14
6/24/2021,166.04
6/25/2021,166.59
6/28/2021,166.58
6/29/2021,164.83
6/30/2021,165.63
7/1/2021,166.2
7/2/2021,167.29
7/6/2021,168.12
7/7/2021,168.76
7/8/2021,168.65
7/9/2021,169.21
7/12/2021,169
7/13/2021,169.22
7/14/2021,171.04
7/15/2021,171.07
7/16/2021,169.41
7/19/2021,169.61
7/20/2021,169.39
7/21/2021,168.76
7/22/2021,169.09
7/23/2021,168.56
7/26/2021,168.16
7/27/2021,168.44
7/28/2021,169.29
7/29/2021,171.17
7/30/2021,169.82
8/2/2021,169.61
8/3/2021,169.49
8/4/2021,169.53
8/5/2021,168.86
8/6/2021,164.64
8/9/2021,161.72
8/10/2021,161.77
8/11/2021,164
8/12/2021,164.04
8/13/2021,166.39
8/16/2021,167.22
8/17/2021,166.97
8/18/2021,167.1
8/19/2021,166.61
8/20/2021,166.7
8/23/2021,168.73
8/24/2021,168.65
8/25/2021,167.48
8/26/2021,167.67
8/27/2021,170.19
8/30/2021,169.35
8/31/2021,169.69
9/1/2021,169.7
9/2/2021,169.25
9/3/2021,171.06
9/7/2021,167.71
9/8/2021,167.29
9/9/2021,168.03
9/10/2021,167.18
9/13/2021,167.74
9/14/2021,168.82
9/15/2021,167.83
9/16/2021,164.03
9/17/2021,163.77
9/20/2021,164.94
9/21/2021,166.04
9/22/2021,165.42
9/23/2021,163.51
9/24/2021,163.3
9/27/2021,163.64
9/28/2021,162.05
9/29/2021,161.32
9/30/2021,164.22
10/1/2021,164.59
10/4/2021,165.36
10/5/2021,164.59
10/6/2021,165.03
10/7/2021,164.16
10/8/2021,164.23
10/11/2021,163.92
10/12/2021,164.66
10/13/2021,167.59
10/14/2021,168
10/15/2021,165.33
10/18/2021,164.92
10/19/2021,165.45
10/20/2021,166.9
10/21/2021,166.75
10/22/2021,167.77
10/25/2021,168.93
10/26/2021,167.68
10/27/2021,168.12
10/28/2021,168.08
10/29/2021,166.65
11/1/2021,167.52
11/2/2021,167.16
11/3/2021,165.77
11/4/2021,167.65
11/5/2021,169.84
11/8/2021,170.45
11/9/2021,171.29
11/10/2021,173.15
11/11/2021,174.12
11/12/2021,174.45
11/15/2021,174.18
11/16/2021,172.92
11/17/2021,174.5
11/18/2021,173.94
11/19/2021,172.61
11/22/2021,168.74
11/23/2021,167.28
11/24/2021,167.12
11/26/2021,166.85
11/29/2021,166.62
11/30/2021,165.5
12/1/2021,166.16
12/2/2021,165.24
12/3/2021,166.63
12/6/2021,166.22
12/7/2021,166.81
12/8/2021,166.9
12/9/2021,165.88
12/10/2021,166.58
12/13/2021,167
12/14/2021,165.44
12/15/2021,166.15
12/16/2021,168.16
12/17/2021,167.8
12/20/2021,167.09
12/21/2021,167.02
12/22/2021,168.59
12/23/2021,168.97
12/27/2021,169.37
12/28/2021,168.64
12/29/2021,168.59
12/30/2021,169.8
12/31/2021,170.96
1/3/2022,168.33
1/4/2022,169.57
1/5/2022,169.06
1/6/2022,166.99
1/7/2022,167.75
1/10/2022,168.26
1/11/2022,170.29
1/12/2022,170.74
1/13/2022,170.16
1/14/2022,169.67
1/18/2022,169.39
1/19/2022,172.08
1/20/2022,171.65
1/21/2022,171.09
1/24/2022,172.03
1/25/2022,172.58
1/26/2022,169.79
1/27/2022,167.6
1/28/2022,167.1
1/31/2022,168.09
2/1/2022,168.23
2/2/2022,168.84
2/3/2022,168.6
2/4/2022,168.86
2/7/2022,170.11
2/8/2022,170.63
2/9/2022,171.21
2/10/2022,170.56
2/11/2022,173.81
2/14/2022,174.74
2/15/2022,173.08
2/16/2022,174.86
2/17/2022,177.25
2/18/2022,177.12
2/22/2022,177.49
2/23/2022,178.29
2/24/2022,177.14
2/25/2022,176.55
2/28/2022,178.38
3/1/2022,181.62
3/2/2022,179.73
3/3/2022,180.8
3/4/2022,183.68
3/7/2022,186.41
3/8/2022,191.51
3/9/2022,185.82
3/10/2022,186.4
3/11/2022,185.09
3/14/2022,182.3
3/15/2022,178.89
3/16/2022,180.01
3/17/2022,180.89
3/18/2022,179.3
3/21/2022,180.67
3/22/2022,179.36
3/23/2022,181.81
3/24/2022,183.13
3/25/2022,182.38
3/28/2022,179.06
3/29/2022,179.14
3/30/2022,180.58
3/31/2022,180.65
4/1/2022,179.5
4/4/2022,180.37
4/5/2022,179.24
4/6/2022,179.66
4/7/2022,180.34
4/8/2022,181.47
4/11/2022,182.37
4/12/2022,183.77
4/13/2022,184.65
4/14/2022,184.04
4/18/2022,184.61
4/19/2022,181.82
4/20/2022,182.71
4/21/2022,182.06
4/22/2022,180.29
4/25/2022,177.05
4/26/2022,177.32
4/27/2022,175.98
4/28/2022,176.93
4/29/2022,176.91
5/2/2022,173.63
5/3/2022,174.09
5/4/2022,175.8
5/5/2022,175.13
5/6/2022,175.42
5/9/2022,172.88
5/10/2022,171.42
5/11/2022,172.82
5/12/2022,170.17
5/13/2022,168.79
5/16/2022,170.4
5/17/2022,169.33
5/18/2022,169.42
5/19/2022,171.91
5/20/2022,172.03
5/23/2022,172.83
5/24/2022,174.13
5/25/2022,173.08
5/26/2022,172.76
5/27/2022,172.85
5/31/2022,171.14
6/1/2022,172.23
6/2/2022,174.35
6/3/2022,172.58
6/6/2022,171.82
6/7/2022,172.94
6/8/2022,172.78
6/9/2022,172.23
6/10/2022,174.54
6/13/2022,169.93
6/14/2022,168.57
6/15/2022,170.77
6/16/2022,172.69
6/17/2022,171.27
6/21/2022,170.63
6/22/2022,171.31
6/23/2022,170.26
6/24/2022,170.09
6/27/2022,169.9
6/28/2022,169.62
6/29/2022,169.49
6/30/2022,168.46
7/1/2022,168.32
7/5/2022,164.75
7/6/2022,162.14
7/7/2022,162.23
7/8/2022,162.3
7/11/2022,161.43
7/12/2022,160.83
7/13/2022,161.6
7/14/2022,159.33
7/15/2022,159.01
7/18/2022,159.16
7/19/2022,159.54
7/20/2022,158.04
7/21/2022,160.27
7/22/2022,160.67
7/25/2022,160.23
7/26/2022,160.04
7/27/2022,161.67
7/28/2022,163.64
7/29/2022,164.1
8/1/2022,165.03
8/2/2022,164.05
8/3/2022,164.45
8/4/2022,167.17
8/5/2022,165.29
8/8/2022,166.69
8/9/2022,167.2
8/10/2022,166.78
8/11/2022,166.34
8/12/2022,167.87
8/15/2022,165.71
8/16/2022,165.42
8/17/2022,164.35
8/18/2022,163.92
8/19/2022,162.72
8/22/2022,161.64
8/23/2022,162.77
8/24/2022,163.25
8/25/2022,163.75
8/26/2022,161.76
8/29/2022,161.86
8/30/2022,160.51
8/31/2022,159.27
9/1/2022,157.87
9/2/2022,159.26
9/6/2022,158.33
9/7/2022,159.94
9/8/2022,158.98
9/9/2022,159.82
9/12/2022,160.63
9/13/2022,158.54
9/14/2022,157.93
9/15/2022,154.98
9/16/2022,155.84
9/19/2022,155.96
9/20/2022,155.07
9/21/2022,155.79
9/22/2022,155.7
9/23/2022,153.01
9/26/2022,151.23
9/27/2022,151.54
9/28/2022,154.69
9/29/2022,154.66
9/30/2022,154.67
10/3/2022,158.43
10/4/2022,160.7
10/5/2022,159.81
10/6/2022,159.63
10/7/2022,157.88
10/10/2022,155.48
10/11/2022,155.16
10/12/2022,155.99
10/13/2022,154.91
10/14/2022,152.98
10/17/2022,153.42
10/18/2022,153.75
10/19/2022,151.69
10/20/2022,151.45
10/21/2022,154.15
10/24/2022,153.65
10/25/2022,154
10/26/2022,154.98
10/27/2022,154.74
10/28/2022,153.16
10/31/2022,151.91
11/1/2022,153.46
11/2/2022,152.39
11/3/2022,151.81
11/4/2022,156.47
11/7/2022,155.85
11/8/2022,159.45
11/9/2022,158.65
11/10/2022,163.48
11/11/2022,164.56
11/14/2022,164.92
11/15/2022,165.5
11/16/2022,165.12
11/17/2022,163.92
11/18/2022,162.79
11/21/2022,161.88
11/22/2022,162.07
11/23/2022,163.08
11/25/2022,163.22
11/28/2022,161.93
11/29/2022,162.73
11/30/2022,164.81
12/1/2022,167.84
12/2/2022,167.26
12/5/2022,164.39
12/6/2022,164.84
12/7/2022,166.33
12/8/2022,166.47
12/9/2022,167.06
12/12/2022,165.68
12/13/2022,168.51
12/14/2022,168.1
12/15/2022,165.35
12/16/2022,166.79
12/19/2022,166.32
12/20/2022,169.08
12/21/2022,168.8
12/22/2022,166.76
12/23/2022,167.26
12/27/2022,168.67
12/28/2022,167.91
12/29/2022,168.85
12/30/2022,169.64
1/3/2023,171.06
1/4/2023,172.67
1/5/2023,170.52
1/6/2023,173.71
1/9/2023,174.1
1/10/2023,174.74
1/11/2023,174.62
1/12/2023,176.64
1/13/2023,178.76
1/17/2023,177.59
1/18/2023,177.08
1/19/2023,179.89
1/20/2023,179.29
1/23/2023,179.63
1/24/2023,180.28
1/25/2023,181.11
1/26/2023,179.47
1/27/2023,179.22
1/30/2023,178.76
1/31/2023,179.41
2/1/2023,181.67
2/2/2023,177.9
2/3/2023,173.46
2/6/2023,173.82
2/7/2023,173.98
2/8/2023,174.41
2/9/2023,173.03
2/10/2023,173.36
2/13/2023,172.48
2/14/2023,172.61
2/15/2023,170.89
2/16/2023,170.75
2/17/2023,171.26
2/21/2023,170.62
2/22/2023,169.66
2/23/2023,169.57
2/24/2023,168.35
2/27/2023,169.01
2/28/2023,169.78
3/1/2023,170.76
3/2/2023,170.66
3/3/2023,172.49
3/6/2023,171.62
3/7/2023,168.62
3/8/2023,168.54
3/9/2023,170.2
3/10/2023,173.87
3/13/2023,177.86
3/14/2023,176.83
3/15/2023,178.21
3/16/2023,178.57
3/17/2023,183.77
3/20/2023,183.84
3/21/2023,180.37
3/22/2023,183.44
3/23/2023,185.74
3/24/2023,183.65
3/27/2023,181.95
3/28/2023,183.44
3/29/2023,182.53
3/30/2023,184.18
3/31/2023,183.22
4/3/2023,184.54
4/4/2023,187.98
4/5/2023,187.83
4/6/2023,186.49
4/10/2023,185.11
4/11/2023,186.28
4/12/2023,187.19
4/13/2023,189.72
4/14/2023,186.36
4/17/2023,185.53
4/18/2023,186.25
4/19/2023,185.36
4/20/2023,186.09
4/21/2023,184.25
4/24/2023,184.81
4/25/2023,185.75
4/26/2023,184.74
4/27/2023,184.75
4/28/2023,184.8
5/1/2023,183.97
5/2/2023,187.52
5/3/2023,189.11
5/4/2023,190.44
5/5/2023,187.46
5/8/2023,187.69
5/9/2023,189.02
5/10/2023,188.75
5/11/2023,187.13
5/12/2023,186.81
5/15/2023,187.21
5/16/2023,184.87
5/17/2023,184.23
5/18/2023,181.84
5/19/2023,183.64
5/22/2023,183.21
5/23/2023,183.43
5/24/2023,181.95
5/25/2023,180.2
5/26/2023,180.92
5/30/2023,182.04
5/31/2023,182.32
6/1/2023,183.76
6/2/2023,181.05
6/5/2023,182.14
6/6/2023,182.34
6/7/2023,180.15
6/8/2023,182.53
6/9/2023,182.04
6/12/2023,181.88
6/13/2023,180.54
6/14/2023,180.64
6/15/2023,181.91
6/16/2023,181.63
6/20/2023,179.75
6/21/2023,179.49
6/22/2023,177.71
6/23/2023,178.2
6/26/2023,178.51
6/27/2023,177.69
6/28/2023,177.28
6/29/2023,177.09
6/30/2023,178.27
7/3/2023,178.47
7/5/2023,177.84
7/6/2023,177.31
7/7/2023,178.64
7/10/2023,178.78
7/11/2023,179.45
7/12/2023,181.88
7/13/2023,182.01
7/14/2023,181.43
7/17/2023,181.56
7/18/2023,183.64
7/19/2023,183.67
7/20/2023,182.74
7/21/2023,182.18
7/24/2023,181.4
7/25/2023,182.41
7/26/2023,183.3
7/27/2023,180.42
7/28/2023,181.86
7/31/2023,182.35
8/1/2023,180.46
8/2/2023,179.6
8/3/2023,179.54
8/4/2023,180.19
8/7/2023,179.78
8/8/2023,178.64
8/9/2023,177.79
8/10/2023,177.6
8/11/2023,177.6
8/14/2023,177.06
8/15/2023,176.59
8/16/2023,175.57
8/17/2023,175.3
8/18/2023,175.33
8/21/2023,175.81
8/22/2023,176.1
8/23/2023,177.89
8/24/2023,177.85
8/25/2023,177.62
8/28/2023,178.13
8/29/2023,179.87
8/30/2023,180.32
8/31/2023,180.02
9/1/2023,180.11
9/5/2023,178.64
9/6/2023,177.83
9/7/2023,178.02
9/8/2023,178.08
9/11/2023,178.41
9/12/2023,177.49
9/13/2023,177.08
9/14/2023,177.17
9/15/2023,178.34
9/18/2023,179.39
9/19/2023,179.22
9/20/2023,179.35
9/21/2023,178.05
9/22/2023,178.62
9/25/2023,177.7
9/26/2023,176.28
9/27/2023,174.1
9/28/2023,173.23
9/29/2023,171.45
10/2/2023,169.65
10/3/2023,169.16
10/4/2023,169.14
10/5/2023,168.83
10/6/2023,169.7
10/9/2023,172.82
10/10/2023,172.53
10/11/2023,173.79
10/12/2023,173.26
10/13/2023,178.83
10/16/2023,177.96
10/17/2023,178.29
10/18/2023,180.87
10/19/2023,183.09
10/20/2023,183.59
10/23/2023,182.97
10/24/2023,182.95
10/25/2023,183.72
10/26/2023,184.01
10/27/2023,186.15
10/30/2023,185.1
10/31/2023,184.09
11/1/2023,183.51
11/2/2023,184.12
11/3/2023,184.79
11/6/2023,183.35
11/7/2023,182.59
11/8/2023,180.77
11/9/2023,181.49
11/10/2023,179.51
11/13/2023,180.51
11/14/2023,182.12
11/15/2023,181.64
11/16/2023,183.69
11/17/2023,183.67
11/20/2023,183.37
11/21/2023,185.35
11/22/2023,184.56
11/24/2023,185.52
11/27/2023,186.77
11/28/2023,189.26
11/29/2023,189.54
11/30/2023,188.75
12/1/2023,192.01
12/4/2023,187.86
12/5/2023,187.15
12/6/2023,187.84
12/7/2023,188.15
12/8/2023,185.64
12/11/2023,183.59
12/12/2023,183.49
12/13/2023,187.63
12/14/2023,188.73
12/15/2023,187
12/18/2023,187.85
12/19/2023,189.13
12/20/2023,188.1
12/21/2023,189.43
12/22/2023,190.27
12/26/2023,191.72
12/27/2023,192.59
12/28/2023,191.47
12/29/2023,191.17
1/2/2024,190.72
1/3/2024,189.13
1/4/2024,189.32
1/5/2024,189.35
1/8/2024,187.87
1/9/2024,187.93
1/10/2024,187.5
1/11/2024,187.87
1/12/2024,189.71
1/16/2024,187.91
1/17/2024,185.84
1/18/2024,187.37
1/19/2024,187.93
1/22/2024,187.22
1/23/2024,187.95
1/24/2024,186.4
1/25/2024,187.14
1/26/2024,187.01
1/29/2024,188.33
1/30/2024,188.59
1/31/2024,188.45
2/1/2024,190.41
2/2/2024,188.61
2/5/2024,187.57
2/6/2024,188.55
2/7/2024,188.5
2/8/2024,188.33
2/9/2024,187.6
2/12/2024,187.11
2/13/2024,184.53
2/14/2024,184.42
2/15/2024,185.66
2/16/2024,186.34
2/20/2024,187.47
2/21/2024,187.48
2/22/2024,187.56
2/23/2024,188.62
2/26/2024,188.2
2/27/2024,188
2/28/2024,188.34
2/29/2024,189.31
3/1/2024,192.89
3/4/2024,196.01
3/5/2024,197.19
3/6/2024,198.81
3/7/2024,199.94
3/8/2024,201.63
3/11/2024,202
3/12/2024,199.79
3/13/2024,201.19
3/14/2024,200.35
3/15/2024,199.71
3/18/2024,200.03
3/19/2024,199.8
3/20/2024,202.18
3/21/2024,201.97
3/22/2024,200.35
3/25/2024,200.99
3/26/2024,201.64
3/27/2024,203.1
3/28/2024,205.72
4/1/2024,207.82
4/2/2024,210.89
4/3/2024,212.74
4/4/2024,211.52
4/5/2024,215.14
4/8/2024,216.48
4/9/2024,217.67
4/10/2024,215.61
4/11/2024,219.8
4/12/2024,216.89
4/15/2024,220.95
4/16/2024,221.22
4/17/2024,219.59
4/18/2024,220.34
4/19/2024,221.03
4/22/2024,215.57
4/23/2024,215.04
4/24/2024,214.64
4/25/2024,215.92
4/26/2024,216.62
4/29/2024,216.18
4/30/2024,211.87
5/1/2024,213.79
5/2/2024,213.13
5/3/2024,212.96
5/6/2024,215.2
5/7/2024,214.21
5/8/2024,213.58
5/9/2024,216.95
5/10/2024,218.71
5/13/2024,216.26
5/14/2024,218.09
5/15/2024,220.89
5/16/2024,220.03
5/17/2024,223.66
5/20/2024,224.56
5/21/2024,224.23
5/22/2024,220.11
5/23/2024,215.72
5/24/2024,215.92
5/28/2024,218.19
5/29/2024,216.16
5/30/2024,216.57
5/31/2024,215.3
6/3/2024,217.22
6/4/2024,215.27
6/5/2024,217.82
6/6/2024,219.43
6/7/2024,211.6
6/10/2024,213.54
6/11/2024,214.15
6/12/2024,214.72
6/13/2024,212.97
6/14/2024,215.73
6/17/2024,214.61
6/18/2024,215.47
6/20/2024,218.16
6/21/2024,214.78
6/24/2024,215.63
6/25/2024,214.56
6/26/2024,212.58
6/27/2024,214.99
6/28/2024,215.01
7/1/2024,215.57
7/2/2024,215.56
7/3/2024,217.99
7/5/2024,220.93
7/8/2024,218.19
7/9/2024,218.56
7/10/2024,219.36
7/11/2024,223.25
7/12/2024,223.11
7/15/2024,223.83
7/16/2024,228.29
7/17/2024,227.23
7/18/2024,225.78
7/19/2024,221.73
7/22/2024,221.8
7/23/2024,222.58
7/24/2024,221.8
7/25/2024,218.33
7/26/2024,220.63
7/29/2024,220.32
7/30/2024,222.52
7/31/2024,226.55
8/1/2024,225.77
8/2/2024,225.34
8/5/2024,222.48
8/6/2024,220.7
8/7/2024,220.55
8/8/2024,224.01
8/9/2024,224.56
8/12/2024,228.41
8/13/2024,228.06
8/14/2024,226.2
8/15/2024,226.91
8/16/2024,231.99
8/19/2024,231.61
8/20/2024,232.46
8/21/2024,232.15
8/22/2024,229.37
8/23/2024,232.02
8/26/2024,232.76
8/27/2024,233.39
8/28/2024,231.75
8/29/2024,232.95
8/30/2024,231.29
9/3/2024,230.29
9/4/2024,230.43
9/5/2024,232.35
9/6/2024,230.63
9/9/2024,231.6
9/10/2024,232.62
9/11/2024,232.25
9/12/2024,236.33
9/13/2024,238.68
9/16/2024,238.66
9/17/2024,237.34
9/18/2024,235.51
9/19/2024,239.17
9/20/2024,242.21
9/23/2024,242.68
9/24/2024,246.07
9/25/2024,245.73
9/26/2024,246.98
9/27/2024,245.02
9/30/2024,243.06
10/1/2024,245.61
10/2/2024,245.66
10/3/2024,245.49
10/4/2024,245
10/7/2024,244.17
10/8/2024,242.37
10/9/2024,241.05
10/10/2024,242.82
10/11/2024,245.47
10/14/2024,245.07
10/15/2024,245.92
10/16/2024,247.15
10/17/2024,248.63
10/18/2024,251.27
10/21/2024,251.22
10/22/2024,253.93
